filename;description;en;bg;ro;tr;de;el;it;fr;es;pt;pl;cs;sk;hu;hr;sl
__voice_id;ElevenLabs voice ID (per language);WZlYpi1yf6zJhNWXih74;M1ydWt7KnBCiuv4CnEDC;GRHbHyXbUO8nF4YexVTa;LYfSi2g3Frvxg50fRl91;Gt7OshJCH7MuzX96wFHi;JrrE7QTGDmQKQuUnqk7H;VZOd9FMXDnXRZpGn0thg;O31r762Gb3WFygrEOGh0;22VndfJPBU7AZORAZZTT;ORgG8rwdAiMYRug8RJwR;Pid5DJleNF2sxsuF6YKD;7JbZPqJGWUfXXBim0T8U;Ms9OTvWb99V6DwRHZn6q;xjlfQQ3ynqiEyRpArrT8;7IVTG9LKLYndnFiFDLU2;WZlYpi1yf6zJhNWXih74
__model_id;ElevenLabs model ID;eleven_multilingual_v2;eleven_multilingual_v2;eleven_multilingual_v2;eleven_multilingual_v2;eleven_multilingual_v2;eleven_multilingual_v2;eleven_multilingual_v2;eleven_multilingual_v2;eleven_multilingual_v2;eleven_multilingual_v2;eleven_multilingual_v2;eleven_multilingual_v2;eleven_multilingual_v2;eleven_flash_v2_5;eleven_multilingual_v2;eleven_multilingual_v2
__speed;Speech speed multiplier;1.05;1.12;1.05;1.05;1.05;1.05;1.05;1.05;1.05;1.05;1.05;1.05;1.05;1.05;1.05;1.05
__stability;Voice stability 0-1;1.0;1.0;1.0;1.0;1.0;1.0;1.0;1.0;1.0;1.0;1.0;1.0;1.0;1.0;1.0;1.0
__similarity_boost;Similarity boost 0-1;0.75;0.75;0.75;0.75;0.75;0.75;0.75;0.75;0.75;0.75;0.75;0.75;0.75;0.75;0.75;0.75
__style;Style exaggeration 0-1;0.0;0.0;0.0;0.0;0.0;0.0;0.0;0.0;0.0;0.0;0.0;0.0;0.0;0.0;0.0;0.0
__use_speaker_boost;Speaker boost true/false;TRUE;TRUE;TRUE;TRUE;TRUE;TRUE;TRUE;TRUE;TRUE;TRUE;TRUE;TRUE;TRUE;TRUE;TRUE;TRUE
alert_rz_approaching;;Approaching a restricted zone!;Приближавате зонас ограничен достъп!;Vă apropiați de o zonă cu acces restricționat!;Kısıtlı bölgeye yaklaşıyorsunuz!;Sie nähern sich einer Zone mit beschränktem Zugang!;Πλησιάζετε ζώνη περιορισμένης πρόσβασης!;Attenzione, zona a traffico limitato in avvicinamento!;Approche d'une zone restreinte !;¡Te estás aproximando a una zona restringida!;A aproximar-se de uma zona condicionada!;Zbliżasz się do strefy ograniczonej!;Přibližujete se k omezené zóně!;Priblíženie k obmedzenej zóne!;Korlátozott zónához közeledik!;Približavate se ograničenoj zoni!;Bližate se omejeni coni!
alert_rz_entering;;You have entered a restricted zone;Влязохте в зонас ограничeн достъп!;Ați intrat într-o zonă cu acces restricționat;Kısıtlı bölgeye girdiniz;Sie haben eine Zone mit beschränktem Zugang betreten;Εισήλθατε σε ζώνη περιορισμένης πρόσβασης;Stai entrando in una zona a traffico limitato.;Vous entrez dans une zone restreinte;Has entrado en una zona restringida;Entrou numa zona condicionada;Wjechałeś do strefy ograniczonej;Vstoupili jste do omezené zóny.;Vstúpili ste do obmedzenej zóny;Belépett egy korlátozott zónába;Ušli ste u ograničenu zonu;Vstopili ste v omejeno cono
alert_rz_exiting;;You have exited a restricted zone;Излязохте от зонас ограничен достъп.;Ați ieșit dintr-o zonă cu acces restricționat;Kısıtlı bölgeden çıktınız;Sie haben eine Zone mit beschränktem Zugang verlassen;Εξήλθατε από ζώνη περιορισμένης πρόσβασης;Stai uscendo dalla zona a traffico limitato.;Vous quittez une zone restreinte;Has salido de una zona restringida;Saiu de uma zona condicionada;Opuściłeś strefę ograniczoną;Opustili jste omezenou zónu.;Opustili ste obmedzenú zónu;Elhagyta a korlátozott zónát;Napustili ste ograničenu zonu;Zapustili ste omejeno cono
alert_avgspeed_entering;Played when user has just entered a section control segment;You are entering a section control zone!;Влизате в участъкза средна скорост!;Intrați într-o zonă de control de secțiune!;Bölüm kontrolü bölgesine giriyorsunuz!;Sie fahren in eine Abschnittskontrollzone ein!;Εισέρχεστε σε ζώνη ελέγχου τμήματος!;Stai entrando in una zona di controllo di tratta!;Vous entrez dans une zone de radar tronçon !;¡Estás entrando en una zona de radar de tramo!;Está a entrar numa zona de controlo por troço!;Wjeżdżasz w strefę odcinkowego pomiaru prędkości!;Vstupujete do zóny úsekového měření rychlosti!;Vstupujete do zóny úsekového merania rýchlosti!;Szakaszos sebességmérési zónába lép!;Ulazite u zonu odsjecznog mjerenja brzine!;Vstopate v odsek odsekove kontrole!
alert_avgspeed_exiting;Played when user has just exited a section control segment through an exit point;You are leaving a section control zone.;Напускате участъкза средна скорост.;Ieșiți dintr-o zonă de control de secțiune.;Bölüm kontrolü bölgesinden çıkıyorsunuz.;Sie verlassen die Abschnittskontrollzone.;Εξέρχεστε από ζώνη ελέγχου τμήματος.;Stai uscendo dalla zona di controllo di tratta.;Vous quittez une zone de radar tronçon.;Estás saliendo de una zona de radar de tramo.;Está a sair de uma zona de controlo por troço.;Opuszczasz strefę odcinkowego pomiaru prędkości.;Opouštíte zónu úsekového měření rychlosti.;Opúšťate zónu úsekového merania rýchlosti.;Elhagyja a szakaszos sebességmérési zónát.;Napuštate zonu odsjecznog mjerenja brzine.;Zapuščate odsek odsekove kontrole.
alert_avgspeed_switching;Player when user has just switched from one segment to another (in succession);You are entering another section control zone;Преминавате към следващ участъкза средна скорост.;Intrați într-o altă zonă de control de secțiune;Bir sonraki bölüm kontrolü bölgesine geçiyorsunuz;Sie fahren in eine weitere Abschnittskontrollzone ein;Εισέρχεστε σε νέα ζώνη ελέγχου τμήματος;Stai entrando in un'altra zona di controllo di tratta.;Vous entrez dans une autre zone de radar tronçon;Estás entrando en otro tramo de radar de tramo;Está a entrar noutro troço de controlo por troço;Wjeżdżasz w kolejną strefę odcinkowego pomiaru prędkości;Vstupujete do další zóny úsekového měření rychlosti.;Vstupujete do ďalšej zóny úsekového merania rýchlosti;Belép a következő szakaszos sebességmérési zónába;Prelazite u drugu zonu odsjecznog mjerenja brzine;Prehajate na naslednji odsek odsekove kontrole
alert_avgspeed_no_longer;Played when used has just exited a section control segment not through an exit point (no longer in segment);You are no longer in a section control zone.;Вече не се намирате в участъкза средна скорост.;Nu mai sunteți într-o zonă de control de secțiune.;Artık bölüm kontrolü bölgesinde değilsiniz.;Sie befinden sich nicht mehr in einer Abschnittskontrollzone.;Δεν βρίσκεστε πλέον σε ζώνη ελέγχου τμήματος.;Non sei più in una zona di controllo di tratta.;Vous n'êtes plus dans une zone de radar tronçon.;Ya no estás en una zona de radar de tramo.;Já não se encontra numa zona de controlo por troço.;Jesteś poza strefą odcinkowego pomiaru prędkości.;Již se nenacházíte v zóně úsekového měření rychlosti.;Už sa nenachádzate v zóne úsekového merania rýchlosti.;Már nem tartózkodik szakaszos sebességmérési zónában.;Više niste u zoni odsjecznog mjerenja brzine.;Niste več v odseku odsekove kontrole.
alert_avgspeed_exceeding;Played when user is exceeding the average speed on the set tolerance in a section control segment;You are exceeding the average speed!;Превишаватесредната скорост!;Depășiți viteza medie!;Ortalama hızı aşıyorsunuz!;Sie überschreiten die Durchschnittsgeschwindigkeit!;Υπερβαίνετε τη μέση ταχύτητα!;Stai superando la velocità media consentita!;Vous dépassez la vitesse moyenne !;¡Estás superando la velocidad media!;Está a exceder a velocidade média!;Przekraczasz dozwoloną średnią prędkość!;Překračujete povolenou průměrnou rychlost!;Prekračujete priemernú rýchlosť!;Túllépi a megengedett átlagsebességet!;Prekoračili ste dopuštenu prosječnu brzinu!;Prekoračujete povprečno hitrost!
alert_red_light_camera;Played for static red light camera dangers;red light camera;светофарна камера;cameră pentru semafor;kırmızı ışık kamerası;Ampelblitzer;κάμερα κόκκινου σηματοδότη;telecamera per semaforo rosso;radar de feu rouge;radar de semáforo en rojo;radar de semáforo;fotoradar na przejeździe na czerwonym świetle;kamera na červenou;kamera na červenú;piros lámpa kamera;kamera za crveno svjetlo;kamera za rdečo luč
alert_combined_camera;Played for static combined (multiple enforcement types) camera dangers;combined camera;комбинирана камера;cameră combinată;kombine kamera;Kombiblitzer;συνδυασμένη κάμερα;telecamera combinata;radar combiné;radar combinado;radar combinado;fotoradar wielofunkcyjny;kombinovaná kamera;kombinovaná kamera;kombinált kamera;kombinirana kamera;kombinirana kamera
alert_speed_camera;Played for static speed cam dangers;speed camera;камера за скорост;cameră de viteză;hız kamerası;Geschwindigkeitskamera;κάμερα ταχύτητας;autovelox;radar fixe;radar de velocidad;radar de velocidade;fotoradar;rychlostní kamera;rýchlostná kamera;sebességmérő kamera;radarska kamera;radar
alert_live_police;;police enforcement;Пулицейски контрол;control de poliție;polis denetimi;Polizeikontrolle;αστυνομικός έλεγχος;controllo di polizia;contrôle policier;control policial;fiscalização policial;kontrola policji;policejní kontrola;policajná kontrola;rendőrségi ellenőrzés;policijska kontrola;policijski nadzor
alert_live_police_mobile_camera;;mobile police camera;мобилна полицейска камера;cameră mobilă de poliție;mobil polis kamerası;Mobiler Blitzer;κινητή αστυνομική κάμερα;autovelox mobile;radar mobile;radar móvil;radar móvel;mobilna kamera policji;mobilní policejní kamera;mobilná policajná kamera;mobil rendőrségi kamera;mobilna policijska kamera;mobilna policijska kamera
alert_live_hazard_construction;;construction zone;участък в ремонт;zonă de construcții;inşaat bölgesi;Baustelle;ζώνη εργασιών;zona di cantiere;zone de travaux;zona de obras;zona de obras;roboty drogowe;stavební zóna;stavebná zóna;építési terület;radna zona;gradbena cona
alert_live_hazard_accident;;accident;пътно произшествие;accident;kaza;Unfall;ατύχημα;incidente;accident;accidente;acidente;wypadek;nehoda;nehoda;baleset;nesreća;nesreča
alert_live_hazard_object_on_road;;object on road;предмет на пътя;obiect pe drum;yolda bir nesne;Gegenstand auf der Straße;αντικείμενο στον δρόμο;ostacolo sulla carreggiata;objet sur la route;objeto en calzada;objeto na estrada;obiekt na drodze;předmět na silnici;predmet na ceste;tárgy az úton;predmet na cesti;predmet na cesti
alert_live_hazard_vehicle_on_road;;vehicle on road;автомобил на пътя;vehicul pe drum;yolda bir araç;Fahrzeug auf der Straße;όχημα στο δρόμο;veicolo in strada;véhicule sur la route;vehículo en calzada;veículo na estrada;pojazd na drodze;vozidlo na silnici;vozidlo na ceste;jármű az úton;vozilo na cesti;vozilo na cesti
alert_live_hazard_other;;hazard;опасност;pericol pe drum;tehlike var;Gefahr;κίνδυνος;pericolo;danger;peligro;perigo;zagrożenie;nebezpečí;nebezpečenstvo;veszély;opasnost;nevarnost
alert_live_hazard_pothole;;pothole;дупка на пътя;groapă în asfalt;çukur;Schlagloch;λακκούβα;buca in strada;nid-de-poule;bache;buraco na estrada;dziura w jezdni;výtluk;výtlk;kátyú;rupa na cesti;udarna jama
alert_live_road_closure;;road closure;затворен път;drum închis;yol kapalı;Straßensperrung;κλειστός δρόμος;strada chiusa;route fermée;corte de carretera;corte de estrada;droga zamknięta;uzavírka silnice;uzávera cesty;útlezárás;zatvorena cesta;zapora ceste
alert_distance_in_50m;Distance ladder — 50 m steps up to 250 m then 100 m steps. The app floors to the nearest step so 350 m says 300. No 350/450 clips by design — don't re-add them.;in 50 meters.;след педесет метра.;în 50 de metri.;50 metre içinde.;in 50 Metern.;σε 50 μέτρα.;tra 50 metri.;dans 50 mètres.;en 50 metros.;a 50 metros.;za 50 metrów.;za 50 metrů.;o 50 metrov.;50 méteren belül.;za 50 metara.;čez 50 metrov.
alert_distance_in_100m;;in one hundred meters.;след сто метра.;în o sută de metri.;yüz metre içinde.;in einhundert Metern.;σε εκατό μέτρα.;tra cento metri.;dans cent mètres.;en cien metros.;a cem metros.;za sto metrów.;za sto metrů.;o sto metrov.;száz méteren belül.;za sto metara.;čez sto metrov.
alert_distance_in_150m;;in 150 meters.;след стои педесет метра.;în 150 de metri.;150 metre içinde.;in 150 Metern.;σε 150 μέτρα.;tra 150 metri.;dans 150 mètres.;en 150 metros.;a 150 metros.;za 150 metrów.;za 150 metrů.;o 150 metrov.;150 méteren belül.;za 150 metara.;čez 150 metrov.
alert_distance_in_200m;;in 200 meters.;след двеста метра.;în 200 de metri.;200 metre içinde.;in 200 Metern.;σε 200 μέτρα.;tra 200 metri.;dans 200 mètres.;en 200 metros.;a 200 metros.;za 200 metrów.;za 200 metrů.;o 200 metrov.;200 méteren belül.;za 200 metara.;čez 200 metrov.
alert_distance_in_250m;;in 250 meters.;след двеста ипедесет метра.;în 250 de metri.;250 metre içinde.;in 250 Metern.;σε 250 μέτρα.;tra 250 metri.;dans 250 mètres.;en 250 metros.;a 250 metros.;za 250 metrów.;za 250 metrů.;o 250 metrov.;250 méteren belül.;za 250 metara.;čez 250 metrov.
alert_distance_in_300m;;in 300 meters.;след триста метра.;în 300 de metri.;300 metre içinde.;in 300 Metern.;σε 300 μέτρα.;tra 300 metri.;dans 300 mètres.;en 300 metros.;a 300 metros.;za 300 metrów.;za 300 metrů.;o 300 metrov.;300 méteren belül.;za 300 metara.;čez 300 metrov.
alert_distance_in_400m;;in 400 meters.;след четири стотин метра.;în 400 de metri.;400 metre içinde.;in 400 Metern.;σε 400 μέτρα.;tra 400 metri.;dans 400 mètres.;en 400 metros.;a 400 metros.;za 400 metrów.;za 400 metrů.;o 400 metrov.;400 méteren belül.;za 400 metara.;čez 400 metrov.
alert_distance_in_500m;;in 500 meters.;след пет стотин метра.;în 500 de metri.;500 metre içinde.;in 500 Metern.;σε 500 μέτρα.;tra 500 metri.;dans 500 mètres.;en 500 metros.;a 500 metros.;za 500 metrów.;za 500 metrů.;o 500 metrov.;500 méteren belül.;za 500 metara.;čez 500 metrov.
alert_distance_in_600m;;in 600 meters.;след шес тотин метра.;în 600 de metri.;600 metre içinde.;in 600 Metern.;σε 600 μέτρα.;tra 600 metri.;dans 600 mètres.;en 600 metros.;a 600 metros.;za 600 metrów.;za 600 metrů.;o 600 metrov.;600 méteren belül.;za 600 metara.;čez 600 metrov.
alert_distance_in_700m;;in 700 meters.;след седем стотин метра.;în 700 de metri.;700 metre içinde.;in 700 Metern.;σε 700 μέτρα.;tra 700 metri.;dans 700 mètres.;en 700 metros.;a 700 metros.;za 700 metrów.;za 700 metrů.;o 700 metrov.;700 méteren belül.;za 700 metara.;čez 700 metrov.
alert_distance_in_800m;;in 800 meters.;след осем стотин метра.;în 800 de metri.;800 metre içinde.;in 800 Metern.;σε 800 μέτρα.;tra 800 metri.;dans 800 mètres.;en 800 metros.;a 800 metros.;za 800 metrów.;za 800 metrů.;o 800 metrov.;800 méteren belül.;za 800 metara.;čez 800 metrov.
alert_distance_in_900m;;in 900 meters.;след девет стотин метра.;în 900 de metri.;900 metre içinde.;in 900 Metern.;σε 900 μέτρα.;tra 900 metri.;dans 900 mètres.;en 900 metros.;a 900 metros.;za 900 metrów.;za 900 metrů.;o 900 metrov.;900 méteren belül.;za 900 metara.;čez 900 metrov.
alert_prefix_approaching;;approaching;приближавате;vă apropiați de;yaklaşıyor;Achtung;πλησιάζει;in avvicinamento;approche;aproximándose;a aproximar-se;zbliżasz się do;přibližujete se;priblíženie k;közeledik;približi se;bližanje
nav_distance_in_50m;Navigation twin of the alert ladder: same words, comma instead of the full stop, because here the distance OPENS the sentence ('in 200 meters, turn right') and the sentence-final intonation sounded wrong (founder, 2026-09-09).;in 50 meters,;след педесет метра,;în 50 de metri,;50 metre içinde,;in 50 Metern,;σε 50 μέτρα,;tra 50 metri,;dans 50 mètres,;en 50 metros,;a 50 metros,;za 50 metrów,;za 50 metrů,;o 50 metrov,;50 méteren belül,;za 50 metara,;čez 50 metrov,
nav_distance_in_100m;;in one hundred meters,;след сто метра,;în o sută de metri,;yüz metre içinde,;in einhundert Metern,;σε εκατό μέτρα,;tra cento metri,;dans cent mètres,;en cien metros,;a cem metros,;za sto metrów,;za sto metrů,;o sto metrov,;száz méteren belül,;za sto metara,;čez sto metrov,
nav_distance_in_150m;;in 150 meters,;след стои педесет метра,;în 150 de metri,;150 metre içinde,;in 150 Metern,;σε 150 μέτρα,;tra 150 metri,;dans 150 mètres,;en 150 metros,;a 150 metros,;za 150 metrów,;za 150 metrů,;o 150 metrov,;150 méteren belül,;za 150 metara,;čez 150 metrov,
nav_distance_in_200m;;in 200 meters,;след двеста метра,;în 200 de metri,;200 metre içinde,;in 200 Metern,;σε 200 μέτρα,;tra 200 metri,;dans 200 mètres,;en 200 metros,;a 200 metros,;za 200 metrów,;za 200 metrů,;o 200 metrov,;200 méteren belül,;za 200 metara,;čez 200 metrov,
nav_distance_in_250m;;in 250 meters,;след двеста ипедесет метра,;în 250 de metri,;250 metre içinde,;in 250 Metern,;σε 250 μέτρα,;tra 250 metri,;dans 250 mètres,;en 250 metros,;a 250 metros,;za 250 metrów,;za 250 metrů,;o 250 metrov,;250 méteren belül,;za 250 metara,;čez 250 metrov,
nav_distance_in_300m;;in 300 meters,;след триста метра,;în 300 de metri,;300 metre içinde,;in 300 Metern,;σε 300 μέτρα,;tra 300 metri,;dans 300 mètres,;en 300 metros,;a 300 metros,;za 300 metrów,;za 300 metrů,;o 300 metrov,;300 méteren belül,;za 300 metara,;čez 300 metrov,
nav_distance_in_400m;;in 400 meters,;след четири стотин метра,;în 400 de metri,;400 metre içinde,;in 400 Metern,;σε 400 μέτρα,;tra 400 metri,;dans 400 mètres,;en 400 metros,;a 400 metros,;za 400 metrów,;za 400 metrů,;o 400 metrov,;400 méteren belül,;za 400 metara,;čez 400 metrov,
nav_distance_in_500m;;in 500 meters,;след пет стотин метра,;în 500 de metri,;500 metre içinde,;in 500 Metern,;σε 500 μέτρα,;tra 500 metri,;dans 500 mètres,;en 500 metros,;a 500 metros,;za 500 metrów,;za 500 metrů,;o 500 metrov,;500 méteren belül,;za 500 metara,;čez 500 metrov,
nav_distance_in_600m;;in 600 meters,;след шес тотин метра,;în 600 de metri,;600 metre içinde,;in 600 Metern,;σε 600 μέτρα,;tra 600 metri,;dans 600 mètres,;en 600 metros,;a 600 metros,;za 600 metrów,;za 600 metrů,;o 600 metrov,;600 méteren belül,;za 600 metara,;čez 600 metrov,
nav_distance_in_700m;;in 700 meters,;след седем стотин метра,;în 700 de metri,;700 metre içinde,;in 700 Metern,;σε 700 μέτρα,;tra 700 metri,;dans 700 mètres,;en 700 metros,;a 700 metros,;za 700 metrów,;za 700 metrů,;o 700 metrov,;700 méteren belül,;za 700 metara,;čez 700 metrov,
nav_distance_in_800m;;in 800 meters,;след осем стотин метра,;în 800 de metri,;800 metre içinde,;in 800 Metern,;σε 800 μέτρα,;tra 800 metri,;dans 800 mètres,;en 800 metros,;a 800 metros,;za 800 metrów,;za 800 metrů,;o 800 metrov,;800 méteren belül,;za 800 metara,;čez 800 metrov,
nav_distance_in_900m;;in 900 meters,;след девет стотин метра,;în 900 de metri,;900 metre içinde,;in 900 Metern,;σε 900 μέτρα,;tra 900 metri,;dans 900 mètres,;en 900 metros,;a 900 metros,;za 900 metrów,;za 900 metrů,;o 900 metrov,;900 méteren belül,;za 900 metara,;čez 900 metrov,
nav_turn_left;Navigation voice prompts (mobile feat/nav-voice-guidance). Spoken by NavigationVoiceGuide after a distance-ladder clip ('in 200 meters.' + 'turn right.') or alone as the at-the-turn prompt — keep every cell a complete short sentence.;turn left.;завиите наляво.;virați la stânga.;sola dönün.;links abbiegen.;στρίψτε αριστερά.;svolta a sinistra.;tournez à gauche.;gire a la izquierda.;vire à esquerda.;skręć w lewo.;odbočte vlevo.;odbočte vľavo.;forduljon balra.;skrenite lijevo.;zavijte levo.
nav_turn_right;;turn right.;завиите надясно.;virați la dreapta.;sağa dönün.;rechts abbiegen.;στρίψτε δεξιά.;svolta a destra.;tournez à droite.;gire a la derecha.;vire à direita.;skręć w prawo.;odbočte vpravo.;odbočte vpravo.;forduljon jobbra.;skrenite desno.;zavijte desno.
nav_turn_sharp_left;;turn sharp left.;завиите рязко наляво.;virați brusc la stânga.;keskin sola dönün.;scharf links abbiegen.;στρίψτε απότομα αριστερά.;svolta decisamente a sinistra.;tournez fortement à gauche.;gire bruscamente a la izquierda.;vire acentuadamente à esquerda.;skręć ostro w lewo.;odbočte ostře vlevo.;odbočte ostro vľavo.;forduljon élesen balra.;skrenite oštro lijevo.;zavijte ostro levo.
nav_turn_sharp_right;;turn sharp right.;завиите рязко надясно.;virați brusc la dreapta.;keskin sağa dönün.;scharf rechts abbiegen.;στρίψτε απότομα δεξιά.;svolta decisamente a destra.;tournez fortement à droite.;gire bruscamente a la derecha.;vire acentuadamente à direita.;skręć ostro w prawo.;odbočte ostře vpravo.;odbočte ostro vpravo.;forduljon élesen jobbra.;skrenite oštro desno.;zavijte ostro desno.
nav_keep_left;Slight left, left fork, left merge, left on-ramp AND left off-ramp — Mapbox sometimes reports an exit maneuver for staying on the same motorway, so the vaguer 'keep' is the safe wording (founder, 2026-09-08).;keep left.;дръжте вляво.;țineți stânga.;soldan devam edin.;links halten.;μείνετε αριστερά.;mantieni la sinistra.;restez à gauche.;manténgase a la izquierda.;mantenha-se à esquerda.;trzymaj się lewej strony.;držte se vlevo.;držte sa vľavo.;tartson balra.;držite se lijevo.;držite se levo.
nav_keep_right;Slight right, right fork, right merge, right on-ramp AND right off-ramp — see nav_keep_left.;keep right.;дръжте вдясно.;țineți dreapta.;sağdan devam edin.;rechts halten.;μείνετε δεξιά.;mantieni la destra.;restez à droite.;manténgase a la derecha.;mantenha-se à direita.;trzymaj się prawej strony.;držte se vpravo.;držte sa vpravo.;tartson jobbra.;držite se desno.;držite se desno.
nav_uturn;;make a U-turn.;направете обратен завой.;întoarceți.;U dönüşü yapın.;bitte wenden.;κάντε αναστροφή.;fai inversione a U.;faites demi-tour.;dé la vuelta.;faça inversão de marcha.;zawróć.;otočte se.;otočte sa.;forduljon vissza.;okrenite se.;obrnite.
nav_roundabout_exit_1;Roundabout exits 1–5 keyed on the contract's roundabout_exit. 6+ (or no number) falls back to nav_roundabout_enter.;at the roundabout, take the first exit.;на кръговото, излезте от първия изход.;la sensul giratoriu, luați prima ieșire.;dönel kavşakta birinci çıkışa girin.;im Kreisverkehr die erste Ausfahrt nehmen.;στον κυκλικό κόμβο, πάρτε την πρώτη έξοδο.;alla rotonda, prendi la prima uscita.;au rond-point, prenez la première sortie.;en la rotonda, tome la primera salida.;na rotunda, saia na primeira saída.;na rondzie zjedź pierwszym zjazdem.;na kruhovém objezdu použijte první výjezd.;na kruhovom objazde použite prvý výjazd.;a körforgalomban az első kijáraton hajtson ki.;na kružnom toku izađite na prvi izlaz.;v krožišču izberite prvi izvoz.
nav_roundabout_exit_2;;at the roundabout, take the second exit.;на кръговото, излезте от втория изход.;la sensul giratoriu, luați a doua ieșire.;dönel kavşakta ikinci çıkışa girin.;im Kreisverkehr die zweite Ausfahrt nehmen.;στον κυκλικό κόμβο, πάρτε τη δεύτερη έξοδο.;alla rotonda, prendi la seconda uscita.;au rond-point, prenez la deuxième sortie.;en la rotonda, tome la segunda salida.;na rotunda, saia na segunda saída.;na rondzie zjedź drugim zjazdem.;na kruhovém objezdu použijte druhý výjezd.;na kruhovom objazde použite druhý výjazd.;a körforgalomban a második kijáraton hajtson ki.;na kružnom toku izađite na drugi izlaz.;v krožišču izberite drugi izvoz.
nav_roundabout_exit_3;;at the roundabout, take the third exit.;на кръговото, излезте от третия изход.;la sensul giratoriu, luați a treia ieșire.;dönel kavşakta üçüncü çıkışa girin.;im Kreisverkehr die dritte Ausfahrt nehmen.;στον κυκλικό κόμβο, πάρτε την τρίτη έξοδο.;alla rotonda, prendi la terza uscita.;au rond-point, prenez la troisième sortie.;en la rotonda, tome la tercera salida.;na rotunda, saia na terceira saída.;na rondzie zjedź trzecim zjazdem.;na kruhovém objezdu použijte třetí výjezd.;na kruhovom objazde použite tretí výjazd.;a körforgalomban a harmadik kijáraton hajtson ki.;na kružnom toku izađite na treći izlaz.;v krožišču izberite tretji izvoz.
nav_roundabout_exit_4;;at the roundabout, take the fourth exit.;на кръговото, излезте от четвъртия изход.;la sensul giratoriu, luați a patra ieșire.;dönel kavşakta dördüncü çıkışa girin.;im Kreisverkehr die vierte Ausfahrt nehmen.;στον κυκλικό κόμβο, πάρτε την τέταρτη έξοδο.;alla rotonda, prendi la quarta uscita.;au rond-point, prenez la quatrième sortie.;en la rotonda, tome la cuarta salida.;na rotunda, saia na quarta saída.;na rondzie zjedź czwartym zjazdem.;na kruhovém objezdu použijte čtvrtý výjezd.;na kruhovom objazde použite štvrtý výjazd.;a körforgalomban a negyedik kijáraton hajtson ki.;na kružnom toku izađite na četvrti izlaz.;v krožišču izberite četrti izvoz.
nav_roundabout_exit_5;;at the roundabout, take the fifth exit.;на кръговото, излезте от петия изход.;la sensul giratoriu, luați a cincea ieșire.;dönel kavşakta beşinci çıkışa girin.;im Kreisverkehr die fünfte Ausfahrt nehmen.;στον κυκλικό κόμβο, πάρτε την πέμπτη έξοδο.;alla rotonda, prendi la quinta uscita.;au rond-point, prenez la cinquième sortie.;en la rotonda, tome la quinta salida.;na rotunda, saia na quinta saída.;na rondzie zjedź piątym zjazdem.;na kruhovém objezdu použijte pátý výjezd.;na kruhovom objazde použite piaty výjazd.;a körforgalomban az ötödik kijáraton hajtson ki.;na kružnom toku izađite na peti izlaz.;v krožišču izberite peti izvoz.
nav_roundabout_enter;Roundabout with no usable exit number (6+, or a provider that couldn't say).;enter the roundabout.;влезте в кръговото.;intrați în sensul giratoriu.;dönel kavşağa girin.;in den Kreisverkehr einfahren.;μπείτε στον κυκλικό κόμβο.;entra nella rotonda.;entrez dans le rond-point.;entre en la rotonda.;entre na rotunda.;wjedź na rondo.;vjeďte na kruhový objezd.;vojdite na kruhový objazd.;hajtson be a körforgalomba.;uđite u kružni tok.;zapeljite v krožišče.
nav_destination_ahead;The advance prompt for the arrive step ('in 200 meters.' + this). The at-arrival line is nav_arrived.;you will reach your destination.;ще достигнете дестинацията си.;veți ajunge la destinație.;hedefinize ulaşacaksınız.;erreichen Sie Ihr Ziel.;θα φτάσετε στον προορισμό σας.;raggiungerai la tua destinazione.;vous arriverez à destination.;llegará a su destino.;chegará ao seu destino.;dotrzesz do celu.;dorazíte do cíle.;dorazíte do cieľa.;eléri az úti célját.;stići ćete na odredište.;prispeli boste na cilj.
nav_arrived;Spoken on the tracker's arrival event (40 m remaining).;you have arrived at your destination.;пристигнахте до вашата дестинация.;ați ajuns la destinație.;hedefinize vardınız.;Sie haben Ihr Ziel erreicht.;φτάσατε στον προορισμό σας.;sei arrivato a destinazione.;vous êtes arrivé à destination.;ha llegado a su destino.;chegou ao seu destino.;dotarłeś do celu.;dorazili jste do cíle.;dorazili ste do cieľa.;megérkezett az úti céljához.;stigli ste na odredište.;prispeli ste na cilj.
nav_rerouting;Spoken once when a reroute lands after the driver left the route.;rerouting.;преизчисляване на маршрута.;se recalculează ruta.;rota yeniden hesaplanıyor.;Route wird neu berechnet.;επανυπολογισμός διαδρομής.;ricalcolo del percorso.;recalcul de l'itinéraire.;recalculando la ruta.;a recalcular a rota.;wyznaczanie nowej trasy.;přepočítávám trasu.;prepočítavam trasu.;útvonal újratervezése.;ponovno izračunavanje rute.;preračunavanje poti.